,,,,,,,
Hockey Ground,,,,,,,
S. No.,Project Name,Name of the Employer,Work order / Contract No.,URL,Coordinates,Details,Images Url
,SYTHETIC TRACK,,,,,,
1,"Supplying & Laying of Synthetic Athletic Track Surface at Sports Authority of India, NERC, Imphal . ","Executive Engineer
Manipur Industrial Development Corporation
Takyel Industrial Estate, Imphal, Manipur - 795001
Mail:- ee.iii.manidco@gmail.com
kemera69@gmail.com ","MANIDCO/IDC/SAI/BW/15/189
03/07/2015",https://maps.app.goo.gl/h79YGeY6c3RztuuE6,"28.583011341243903, 77.2343209161848","Jawaharlal Nehru Stadium, Delhi",https://res.cloudinary.com/daxcwefqb/image/upload/v1755595914/1.jawaharlal-nehru-stadium-park-town-chennai-stadiums-1bqdjrl_ymzbnh.webp
2,Re-laying of Synthetic Track at JRD Tata Sports Complex Jamshedpur.,"Tata Steel Limited. 
1-st Floor, Commercial Centre, Jamshedpur-831001 
Tel +91-657 664581","WORK ORDER No.3000094024/132
24/02/2015",https://maps.app.goo.gl/LtpgZdaQrMwQPtfT8,"22.805938, 86.193419",JRD Tata Sports Complex Football Stadium,https://res.cloudinary.com/daxcwefqb/image/upload/v1755596013/2_bhpxvk.webp
3,"Supply & Installation of 400 Mtrs. IAAF Approved Synthetic Athletic “REKORTAN M99” (FULL PUR type) with “IAAF Class-II Certification” at Divisional Sports Complex, Nasik, Maharashtra","PWD, Maharashtra
Through: Rakharam & Ramjidas Engineers & Contractors
Nashik (Maharashtra)","WO No. 06/05 for 14-15
26/01/2015",https://maps.app.goo.gl/rRkwgsvsU9R5uADp6,"20.015120, 73.816068","Divisional Sports Complex, Adgaon Naka, Nashik",https://res.cloudinary.com/daxcwefqb/image/upload/v1755596167/3_wl5fl7.jpg
4,"Providing and Laying  Synthetic Athletic Track surface                    for Sports Authority of India, Kanpur Road, Lucknow (UP).","UP Samaj Kalyan Nigam Limited
Through:- Agarwal Brothers
SA 39, Shastri Nagar, Ghaziabad (UP)",-,https://maps.app.goo.gl/ndBxY4xLg3HfuFg98,"26°45'28.8""N 80°51'53.1""E",Sports Authority of India Centre Lucknow,https://res.cloudinary.com/daxcwefqb/image/upload/v1755596285/4_cqclcj.avif
5,"Providing and Laying of Synthetic Athletic Track Surface at District Sports Complex, Godhra","Road & Building Department 
Govt. of Gujarat
Through:- RKC Infrabuild Pvt. Ltd.","RKC/WO/Install Synthetic Track/15
RKC/WO/Supply Synthetic Track/14
23/04/2014",https://maps.app.goo.gl/xkp3rkaUMVHHuHX76,"23.231274090583344, 77.39982912698757",Tt nagar stadium,https://res.cloudinary.com/daxcwefqb/image/upload/v1755596395/BHOPAL_TRACK_zwimxm.jpg
6,"Relaying of Synthetic Athletic Track at T. T. Nagar Stadium, Bhopal, Madhya Pradesh","Director Sports & Youth Welfare
T. T. Nagar Stadium,
Bhopal - 462003 (Madhya Pradesh)
Email: infrasportsmp@gmail.com
Tel:- 0755-2773012 / 2761448 / 2778151","3108/DSYW/Infra/2017
05-07-2017",https://maps.app.goo.gl/xkp3rkaUMVHHuHX76,"23.23123221615583, 77.39992032105656",Tt nagar stadium,https://res.cloudinary.com/daxcwefqb/image/upload/v1755596395/BHOPAL_TRACK_zwimxm.jpg
7,"Laying of Synthetic Athletic Track as per IAAF Standards and Construction of Storm Water Drain at Polo Ground, LBSNAA, Mussoorie, Uttarakhand","WAPCOS Limited
3rd Floor, SKV Tower Plot-57, Sector-18 Gurugram - 122015
(Haryana)","WAP/PMD/SAI/TRACK-MSR/2017-18
02-11-2017",https://maps.app.goo.gl/JfE8VScyiwZymc2b9,"30.47668530677756, 78.04748649815214","Polo Grounds, LBSNAA",https://res.cloudinary.com/daxcwefqb/image/upload/v1755596502/6_omowul.jpg
8,Construction of Synthetic Athletic Track based on Approved By IAAF ( International and National Standard Track) in Navdeep Stadium at Narwana in Jind Distt,"Executive Engineer,
Provincial Division, Hr.
PW (B&R), Deptt. Narwana
Phone : 0684-244833","Memo No. 613
24-04-2018",https://maps.app.goo.gl/dZq1CZg1J44uBQqA7,"29.5988927384842, 76.12661967301241",Navdeep Stadium,https://res.cloudinary.com/daxcwefqb/image/upload/v1755596613/7_jmxi4f.jpg
9,"Up-gradation of Sports facilities at NIT campus, Hazratbal Srinagar. SH:- (1) Laying of one number 8 lane 400 metre / 10 lane 100 metre synthetic running /Athletic track facility (2) Two number basket ball courts (3) Four number (2 old + 2 new) outdoor volley ball courts (4) Six number (3 old + 3 new) outdoor badminton courts (5) Two No. Lawn Tennis Courts (6) Cricket pitch Five numbers (2 natural grass + 3 practice pitches) (7) Turfing and leveling of main ground.","Executive Engineer
Srinagar Project Division
Central Public Works Department
N.I.T. Campus, Hazratbal
Srinagar (J&K) - 190006
Mail: eespdcpwd@gmail.com / eespdcpwd-jk@gov.in
Ph. Office:-0194-2410772 ","54(37)/SPD/18-19/856-H
22-09-2018",https://maps.app.goo.gl/UWHnW4fucwJzmXRy9,"34.12507706508711, 74.84369131559869",NIT Srinagar,https://res.cloudinary.com/daxcwefqb/image/upload/v1755596676/8_jmcvet.jpg
10,"Providing and Laying  Synthetic Athletic Track surface   Sainik Schoo, Chandrapur","Nyati Engeineers & Consultants
Nyati Unitree, Survey No. 103/129, Plot No. B+C of CTS  No. 1995 and CTS No. 1996B, Yerwada, Pune, Nagar road , Pune-411006 (india)","Ref No. 002
01-11-2018",https://maps.app.goo.gl/FzbWXZF2ER21xehg7,"19.89639095444279, 79.3437035594911",Sainik School Chandrapur,https://res.cloudinary.com/daxcwefqb/image/upload/v1755596752/9_cdttaj.jpg
11,Providing and laying of IAAF approved Synthetic Athletic Track Surface at Ballarpur.,"Pawar Patkar Construction Pvt. Ltd.
Ram Plaza, Navshakti Chowk, Bhabha Nagar, Nashik-422011",PPCL-BL-11/18-19,https://maps.app.goo.gl/EDrCW1BLNHkRAP498,"
19.89639095444279, 79.3437035594911",Milkha Running Track,https://res.cloudinary.com/daxcwefqb/image/upload/v1755596916/10_zfufd1.jpg
12,Construction of Synthetic Track at Mahatma Jyotia Phule Rohilkhand University Bareilly (UP)”,"National Projects Construction Corporation Limited, 
UP Zone, WA-61A, Sector-135, Noida
Gistt: Gautam Budha Nagar (UP) ","UPZ/351/Track/Tender/18-19/1219
21-12-2018",https://maps.app.goo.gl/KbMUpSkqRmgdswiW7,"28.36785096364389, 79.45805462208853",Sports Complex MJP Rohilkhand University,https://res.cloudinary.com/daxcwefqb/image/upload/v1755597031/11_p642wi.jpg
13,"Resurfacing of Synthetic Track (EPDM layer of Synthetic Track) at Army Sports Institute, Pune. ","The Commandant,
Army Sports Institute, 
Mundwa Road, Ghorpadi,
Pune - 411036","supply order No. 325/SAG/Ath/18-19 
dated 22-11-2018 ",https://maps.app.goo.gl/NRX6TsbtMsWsDaix5,"19.89639095444279, 79.3437035594911",Army Sports Institute,https://res.cloudinary.com/daxcwefqb/image/upload/v1755597129/12_klc2fl.webp
14,"(1)  Construction of Global Category  Full Standard Size400m.x 8 lane synthetic Athletic track (IAAF approved  Class II category) & 8 lane Warm up strip/ Running strip (“Full PUR”Type minimum 15mm thickness), including Provision Of Long and Triple Jump facility , Water jump, Javelin Throw facility, Discus and Hammer throw facility, Pole vault facility ,Shot put ,High jump, Finish line, Steeple chase  facility   as per standard norms at State Sports Training Centre Bahtarai, Bilaspur  Chhattisgarh   ","Superintending Engineer, 
 PWD, Bilaspur Circle Bilaspur. 
Chhattisgarh",,https://maps.app.goo.gl/pS6jJ2GW5A2SXefv6,"22.0855619800069, 82.1526809864615",RAKSHAK PHYSICAL ACADEMY BILASPUR CHHATTISGARH,https://res.cloudinary.com/daxcwefqb/image/upload/v1755597220/13_hexcfu.avif
15,"Relaying of IAAF Class-1 Synthetic Athletic Track (FULL PUR in - Situ) and allied works at JLN Stadium, New Delhi","General Manager (Projects),
WAPCOS Limited
3rd Floor, SKT Tower, Plot No. – 57,
Sector-18, Gurugram – 122015 ","WAP/PMD/SAI/JLNS-Track/2019-20/3877
Dated: 06/05/2019",https://maps.app.goo.gl/2oVrBuYkrGJLxgUs7,"28.583070829511843, 77.23428772698755","Jawaharlal Nehru Stadium, Delhi",https://res.cloudinary.com/daxcwefqb/image/upload/v1755597318/DJI_0291_jr31ad.jpg
16,"Supplying and laying of IAAF approved Synthetic athletic track surface at SAI Centre, Dimapur, Nagaland. ","Executive Engineer
Manipur Industrial Development Corporation
Takyel Industrial Estate, Imphal, Manipur - 795001
Mail:- ee.iii.manidco@gmail.com
kemera69@gmail.com ","MANIDCO/IDC/SAI/DMP/WO/17/60
dated 30-06-2017",https://maps.app.goo.gl/WymEBKkyjcYj78176,"25.900798839767546, 93.7357586385503","SAI Sports Training Centre, Dimapur",https://res.cloudinary.com/daxcwefqb/image/upload/v1755597410/14_cxca60.jpg
17,Supplying and installation of Synthetic  Track Sports Flooring at VR Krishna lyer Municipal Stadium at Thalassery Kannur Distt. ,"The Managing Director,
KITCO Limited
Femith’s, PB No. 4407, 
Puthiya Road, NH Bypass,
Vennala, Kochi-682028
","1327:DP-888:GR:2019
28-05-2019",https://maps.app.goo.gl/JV3LZXyuQRikDZyd9,"11.750800425996932, 75.48571817245363",Justice V R Krishna Iyer Memorial Thalassery Municipal Stadium,https://res.cloudinary.com/daxcwefqb/image/upload/v1755598135/15_fhzxnl.webp
18,Providing and Laying Synthetic Athletic Track Surface with REKORTAN M99 15mm thick (FULL PUR System) including marking on the surface all complete as per rquirements / specifications laid down by IAAF.,"Tata Projects Limited
Mithona Towers-1, 1-7-80 to 87, Prenderghast Road,
Secundrabad-500003
Telangana
Mail: tpl@tataprojects.com
Tel: 040-66238801","SBU-CS(Construction Services)/IIT-Jodhpur-340061/53067
DatedL02/05/2019",,,,
19,"Construction of 200 Mtrs. 6 Lane Synthetic Athletic Track at SAI, HATC Shillaroo (HP) including development of site.","The Executive Engineer,
Shimla Central Division-II, CPWD, Kennedy Cottage, 
Shimla-04, (HP) 
Tel:-0177-2658637
mail:eescd2.sml.cpwd@nic.in
eescdiicpwdshimla@yahoo.co.in","SCD-2/54(A1)/Shillaroo/2019/2372
19-08-2019",https://maps.app.goo.gl/Lw7RVbxbyoLW5Wci6,"11.750851409890194, 75.48502772883539","Sports Authority Of India, Thalassery",https://res.cloudinary.com/daxcwefqb/image/upload/v1755598229/16_oueeio.webp
21,"Reconstruction of 400 Mtrs. Synthetic Athletic Track at Sri Kanteerava Stadium, Bangalore","Dy. Director,
Department of Youth Empowerment and Sports.
State Youth Centre, Yavanika, Nrupathunga Road, Bengaluru-560001
Email:  dyesdept@gmail.com
080- 22215601",DYES/Engg.Section/Action Plan/95/2017-18 dated 27/12/2019 ,https://maps.app.goo.gl/UE3QNR29MZ3MoK1U6,"12.970003644881642, 77.59348028242309",Sri Kanteerava Outdoor Stadium,https://res.cloudinary.com/daxcwefqb/image/upload/v1755598280/17_mx0e7g.jpg
22,"Providing and laying of IAAF approved Synthetic Athletic Track Surface at Sports Complex, Chandrapur","Pawar Patkar Construction Pvt. Ltd.
Ram Plaza, Navshakti Chowk, Bhabha Nagar, Nashik-422011","PPCPL-01/19-20 
Dated 04-03-2020
PPCPL-02/19-20
Dated 04-03-2020",https://maps.app.goo.gl/SZifSFq3hbdCSSu86,"19.983869086499165, 79.28621865542053",District Sport Stadium,https://res.cloudinary.com/daxcwefqb/image/upload/v1755598338/18_gmgkbi.jpg
23,"Supply and Installation of Synthetic Sports Flooring at Nedumkandam Grama Panchayat Stadium, Idukki","The Managing Director,
KITCO Limited
Femith’s, PB No. 4407, 
Puthiya Road, NH Bypass,
Vennala, Kochi-682028",3279:DP-888:GR:2020,https://maps.app.goo.gl/mE8AFssWijUuDqJX9,"9.836289008048565, 77.15898874417704",Nedumkandam Panchayath Stadium,https://res.cloudinary.com/daxcwefqb/image/upload/v1755598385/19_gypure.jpg
24,"Construction of Balak kreeda parisar 400 M synthetic athletic track at sheopur dist sheopur, MP","The Divisional Project Engineer,
PIU, Sheopur (MP) - 476337
email: piusheopur@gmail.com
Tel: 07530-222348","LOA 817
28/09/2020",https://maps.app.goo.gl/zJLZePaRU15otiMu8,"25.679811020600372, 76.73081636282691",Running track,https://res.cloudinary.com/daxcwefqb/image/upload/v1755598437/20_b2ad0q.jpg
25,Construction of 400 mtr Synthetic 9 lane plus one lane synthetic Athletic track in MNSS Rai in Sonipat Distt.,"Executive Engineer,EE PD-II Sonipat PWD B and R Railway road Sonipat
Tel:- 0130-2200575
E-Mail  ID: pwd-eepd2-sonepat@hry.nic.in",MEMO NO: 749 ,https://maps.app.goo.gl/3j4UWnYKYoyrrDkr5,"28.928562253589412, 77.10335997855599",Motilal Nehru School of Sports,https://res.cloudinary.com/daxcwefqb/image/upload/v1755598523/21_cyshpj.webp
26,"SYNTHETIC ATHLETIC TRACK AND ALLIED WORKS AT INDIRA GANDHI SPORTS COMPLEX, UPPALLAM, PUDUCHERRY","General Manager (Projects)
WAPCOS LIMITED
Project Management Division
3rd Floor, SKV Towers
Sector - 18, Gurugram, 
Haryana",WAP/CMU/DoSE/Track/2020-21/5974,https://maps.app.goo.gl/Lnmr6qyDvJBHinba8,"11.922471740164433, 79.82837397816854","INDIRA GANDHI SPORTS COMPLEX, UPPALLAM, PUDUCHERRY",https://res.cloudinary.com/daxcwefqb/image/upload/v1755598628/22_wbde8w.jpg
27,"Construction of Relaying of Cinder Athletic Track into Synthetic Athletic Track and Allied works at SAI Centre, Bangalore","General Manager,
Hindustan Steel Works Construction Limited,
Ready Money Terrace, 167, 3rd Floor, Dr. Annie Besant Road, Building, Worli Naka, Mumbai-400018",HSCL/CPG/e-178(LOA)/2021-G-3077,https://maps.app.goo.gl/pZmmeLLkrqAw94iJ8,"12.938939385489551, 77.51447688248712",Sports Authority Of India,https://res.cloudinary.com/daxcwefqb/image/upload/v1755598694/23_ynz1v4.avif
28,"Supplying and laying of synthetic   athletic   track   surface ""REKORTAN M99'' (FULL PUR System manufactured by POLYTAN, Germany) as per specifications laid down by World Athletics (earlier IAAF)  at Sports Stadium, Ransi, Uttarakhand","Unipro Engineers & ContractorsSCO-54, First Floor, Swastik Vihar, MDC Sector-5, Panchkula, Haryana-134114Tel-0172-4061475Email: unipro99@hotmail.com",UNIPRO/PKL/2021-22dated 14-01-2022,https://maps.app.goo.gl/1rB3bW19duSXTXcQA,"30.150391053439787, 78.76522857301246","Sports Stadium, Ransi, Uttarakhand",https://res.cloudinary.com/daxcwefqb/image/upload/v1755598767/24_davwmw.jpg
29,"Re-laying of “World Athletics” approved 400 Mtr. synthetic athletic track at Chhatrasal Stadium, Delhi","The Executive Engineer,
North Building Maintenance Division /M-322
PWD (GNCTD), Kashmere Gate,
Below ISBT Flyover, Delhi-110006
Tel No. 011-23860041","54(108) का. अभि. म.(एम-३२२), लो. नि. वि. /2021-22/628 dated 16/03/2022 ",https://maps.app.goo.gl/Q9dQ51JECLpa9zoN9,"28.70397929253287, 77.1873647"," Synthetic athletic track at Chhatrasal Stadium, Delhi",https://res.cloudinary.com/daxcwefqb/image/upload/v1755598846/25_o99u4c.png
30,"Resurfacing of 200 mts Synthetic Athletic track at Sri Kanteerava Stadium, Bangalore","Dy. Director,
Department of Youth Empowerment and Sports.
State Youth Centre, Yavanika, Nrupathunga Road, Bengaluru-560001
Email:  dyesdept@gmail.com
080- 22215601",DYES/ES/KI/137/2020-21,https://maps.app.goo.gl/h38CAfPGgWyHsyoS8,"12.969920003918912, 77.59360902844797",Sri Kanteerava Outdoor Stadium,https://res.cloudinary.com/daxcwefqb/image/upload/v1755598912/26_tuy9j3.jpg
31,"Providing and laying of IAAF certified 8 lane Synthetic Athletic surface of FULL PUR system & allied works at Command Stadium, Naval Base Kochi, Kerala, India","The Commodore Superintendent
(For Yard Sports Officer)
Naval Aircraft Yard, Naval Base, C/o Fleeat Mail Office, Kochi - 682004",SP/2140/31/(III)/109 dated 03/03/2022,https://maps.app.goo.gl/RE65ej5VARpz1buh7,"9.944584263140039, 76.28111360184784","Command Stadium, Naval Base Kochi, Kerala, India",https://res.cloudinary.com/daxcwefqb/image/upload/v1755598967/27_iqgw9t.jpg
32,Conversion of Existing Cinder Athletic Track into Synthetic Athletic Track and Allied Works at NSUT Main Campus  ,"Executive Engineer (C),
Netaji Subhas University of Technology,
Azad Hind Fauj Marg, Sector-3,
Dwarka, New Delhi-110078
xen.nsut@gmail.com
Tel:- 25099055","F201(4276)/MDC/E.Cell/2021-22/NSUT/487
Date: 07/07/2022",https://maps.app.goo.gl/DsErCPTxmaF8P85F7,"28.611158840501066, 77.03851747301245",Synthetic Athletic Track and Allied Works at NSUT Main Campus  ,https://res.cloudinary.com/daxcwefqb/image/upload/v1755599038/28_rzsz0b.jpg
33,"Providing and Laying of WA approved Synthetic Athletic Track SANDIWCH system including sub base providing, laying and commissioning & other works including disposal of unserviceable material from site etc. at Bijalpur, Indore","Director Sports & Youth Welfare
T. T. Nagar Stadium,
Bhopal - 462003 (Madhya Pradesh)
Email: infrasportsmp@gmail.com
Tel:- 0755-2773012 / 2761448 / 2778151",14437/DSYW/INFRA/2023 Dated 07-03-2023,https://maps.app.goo.gl/aJPzZWnMAmf2qEF16,"22.664153, 75.839124","Synthetic Athletic Track Bijalpur, Indore",https://res.cloudinary.com/daxcwefqb/image/upload/v1755599169/29_li60hf.jpg
34,"Construction of laying of New Synthetic Running Track at 35th PAC Mahanagar, Lucknow","Add. Project Manager,
UPRNN Ltd.,
Unit-21, Plot No.-04, Sector-7, Gomti Nagar Extension, Near Phoenix Palassio Mall, Lucknow-226010
uprnnunit21@gmail.com","384/CampGM(Cons.)RNN/23
date: 06/04/2023",https://maps.app.goo.gl/FoZNjT6vfjxyZ7gA6,"26.878933927989817, 80.96371623566799",35th Vahini PAC Ground,https://res.cloudinary.com/daxcwefqb/image/upload/v1755599232/30_ftaugy.avif
35,"Resurfacing work of 400 meter Synthetic Athletic Track at DBKS, Peddem Mapusa, Goa","Executive Director,
The Sports Authority of Goa
Athletic Stadium, Cujira, Near Goa Medical Collage, Bambolim Goa.
eesag.goa@gmail.com
techn.tsag-goa@nic.in
ed.tsag-goa@gov.in","SAG/H.O/TECH-ACCTS/F.04/2023-24/1361
Dated 15/06/2023",https://maps.app.goo.gl/S2ij9p2vmXjkva2r6,"15.603671908575247, 73.82780285431784",Peddem Indoor Stadium,https://res.cloudinary.com/daxcwefqb/image/upload/v1755599296/31_tuhwdg.webp
36,"Laying of Synthetic Athletic Track at INS Valsura, Jamnagar, Gujarat","Lt. Commander 
Sports Officer,
Indian Navy, 
INS Valsura, Jamnagar - 361150
0288-2527210
vineesh.padki83@navy.gov.in","Contract No. GEMC-511687734858241
dated 15/05/2023",https://maps.app.goo.gl/b67L2HMETkC5qDnE8,"22.532218, 70.049860"," Synthetic Athletic Track at INS Valsura, Jamnagar, Gujarat",https://res.cloudinary.com/daxcwefqb/image/upload/v1755599352/32_kqj34i.avif
37,Provision of synthetic atheltic track at ATS Belgavi.,"Garrison Engineer (AF),
Military Engineer Services,
Sambra, Belgaum - 591124  Karnataka
geaf_sambra@rediffmail.com
Tel No. 0831-2562999
afsamb4-mes@nic.in","LOA No. 801526/AF/294/E8
dated: 02/06/2023",https://maps.app.goo.gl/6xgNDYLRA8jPDkJu9,"15.867886320512325, 74.61642421534162","ATS, Belagavi",https://res.cloudinary.com/daxcwefqb/image/upload/v1755599428/33_xeol2j.jpg
38,"Construction of Natural Football Ground & Synthetic Track at Govt. College of Physical Education(GCPE), Tamando, Bhubaneswar.","Chief Engineer,
The Odisha State Police Housing & Welfare Corporation Ltd., 
Janpath, Bhoi Nagar, Bhubaneswar - 751022
Ph.: (0674) 2541545, 2542921
Email: policehousing@rediffmail.com
ophwc.od@nic.in
","6547/OPHWC 
Dated 13-03-2024",https://maps.app.goo.gl/pS487nKBKT6cTY4B8,"20.2400807274677, 85.75343581534162","College of Physical Education(GCPE), Tamando, Bhubaneswar.",https://res.cloudinary.com/daxcwefqb/image/upload/v1755599530/34_um6cel.jpg
39,"Construction and laying of 8 lane 400 mtrs Athletic Synthetic Track, certified by world athelatics (IAAF) at TC & S, BSF, Hazaribagh, Jharkhand
","Executive Engineer-Dhanbad,
CPWD, Near P.K. Roy College, Dhanbad, P.O. I.S.M. Dhanbad – 826004
(Jharkhand)
Tel No. (0326) 2203065
Email: ee.cpwddcd@gov.in ","54(10)EE-Dhanbad/AB/2024-25/dhara-52
dated 06/07/2024",https://maps.app.goo.gl/pS487nKBKT6cTY4B8,"20.2400807274677, 85.75343581534162",Bijipur,https://res.cloudinary.com/daxcwefqb/image/upload/v1755599626/35_rdiuob.jpg
40,"Construction of Synthetic Athletic Track (08 Lane) at Kumaitha Sports Complex, Jasidih, Deoghar.","Manager-Cum-Executive Engineer,
Jharkhand State Building Construction
Corporation Ltd.
PIU, Deoghar, 1St Floor, Building Division, Court Campus , Deoghar- 814112 (Jharkhand)
Email:  jsbccldeopiu@gmail.com
Mob. No.: 9006750588","187/Deoghar
dated 07/08/2024",https://maps.app.goo.gl/E5VC1FvY9rex4sAJA,"24.525804227951337, 86.66238413632088",Sports complex kumaitha Athletics track ‍ ️,https://res.cloudinary.com/daxcwefqb/image/upload/v1755599680/36_gqckrm.jpg
41,"Construction of Synthetic Athletic Track 400m (08 Lane) in Central University of Haryana, Village Jant-Pali, Mahendergarh, Haryana. SH: Civil and E&M works","Executive Engineer
Manesar Division, CPWD,
NSG Camp, Manesar
Gurgaon (Haryana)-122051

Ph.& FAX No.0124-2337128
E-mail : eemanesarcpwd@gmail.com","PG Letter No. 54(70)/Manesar Division/2024/874-H
Dated 31-07-2024",https://maps.app.goo.gl/UWavd31vQ46HnJPb7,"28.35247930694892, 76.14591017752028",Central University of Haryana,https://res.cloudinary.com/daxcwefqb/image/upload/v1755599770/37_nalqux.jpg
42,Construction of 400M 8-Lane Synthetic Athletic Track in Sports Stadium Complex at Bhodia Kher Distt. Fatheabad. (Including Three Years Free Mtc./Defect Liability Period free of Cost).,"Executive Engineer,
Sports & Physical Fitness Authority,
Tau Devi Lal Sports Complex, Sector-3, Panchkula-134109
Email: sportshry@gmail.com ","Memo No. 27041
dated 04-07-2025",https://maps.app.goo.gl/7PhFzYwEk7JTGiLD9,"29.49613264934713, 75.42707719815216",Sports Stadium,https://res.cloudinary.com/daxcwefqb/image/upload/v1755599850/38_iymzgf.webp
#REF!,SYNTHETIC HOCKEY,,,,,,
#REF!,"Relaying of Global Category Synthetic Hockey Surface No. – II, near shooting range with the same specifications of the surface approved for RIO Olympics including supply and installation, testing and commissioning of sprinkler system, repairs to existing drain at NSSC, Bangalore for Sports Authority of India.","Zonal Manager
National Projects Construction Corporation Limited
No.1316, 2nd Cross, KHB Colony, Magadi Road,
Bangalore -560 079","LOI No. 700003/SAI/STI/423
01/07/2015",https://maps.app.goo.gl/21db3o2BxUxVNZ9P8,"12.94417464344242, 77.51545675968734","SAI, Hockey Blue Turf stadium",https://res.cloudinary.com/daxcwefqb/image/upload/v1755599952/39_i0l4y4.avif
#REF!,"Providing & Laying of FIH Approved Global Category Synthetic Hockey Surface of “POLIGRAS – Olympia Coolplus” (Polyethylene) brand with                   “FIH Class-1 Certification” at Maharana Pratap Sports College, Raipur, Dehradun (Uttarakhand)","Unit Incharge
Uttar Pradesh Rajkiya Nirman Nigam Ltd.
Dehradun Unit-1, Uttrarakhand","Work Order No. 42
Work Order No. 28
02/09/2014",https://maps.app.goo.gl/xSzg9UbsGkqJ9w7y6,"30.303761291664433, 78.10474808500112",Maharana Pratap Sports College,https://res.cloudinary.com/daxcwefqb/image/upload/v1755600072/40_xhsxhq.webp
#REF!,"Providing and Laying of FIH Approved Global Caregory Synthetic Hockey Surface at SAI NERC, Imphal","Executive Engineer
Manipur Industrial Development Corporation
Takyel Industrial Estate, Imphal, Manipur - 795001
Mail:- ee.iii.manidco@gmail.com
kemera69@gmail.com ","MANIDCO/IDC/SAI/BW/15/190
03/07/2015",https://maps.app.goo.gl/DZK8EsqpGrAhemzr8,"24.801292691560175, 93.91081615767082",SAI NERC Imphal,https://res.cloudinary.com/daxcwefqb/image/upload/v1755600123/41_un5dvg.webp
#REF!,"Relaying of Synthetic Hockey Surface for Ground No. 1 at Sports Authority of India (SAI), CRC, Bhopal, Madhya Pradesh.","The Unit Head  
U P Rajkiya Nirman Nigam Limited
ESIC Maintenance Unit, ESIC Hospital Basidarapur
New Delhi – 110015","RNN/Basai/M-SAI-STI/2015-16/492
24-08-2015",https://maps.app.goo.gl/Vm7mgvEDfPAHNM6d6,"23.219116947336502, 77.3444671288354","Sports Authority of India (SAI), UDMCC",https://res.cloudinary.com/daxcwefqb/image/upload/v1755600254/BHOPAL_TRACK_a9fj7d.jpg
#REF!,"Providing and Laying of Hockey Surface at Hockey Stadium, Rampur","The Director
Construction & Design Services
U P Jal Nigam, TC-38-V, Vibhuti Khand, Gomtinagar
Lucknow - 226010","001/CGM-2/Camp-Lko/2016
17-06-2016",https://maps.app.goo.gl/phQEz94v2GvSxfbP6,"28.818866315710974, 79.01775932303624",Mahatma Gandhi Physical College Stadium,https://res.cloudinary.com/daxcwefqb/image/upload/v1755600401/42_wipxwp.jpg
#REF!,"Providing and Laying Synthetic Hockey Turf in Panjab University Campus, Sector-14, Chandigarh","Executive Engineer-1
Panjab University
Construction Office, PU Campus, Sector-14, Chandigarh","132/EEI
20-01-2017",https://maps.app.goo.gl/WgmhfNfLRKRJgVYZ9,"30.759814940315877, 76.768165272923",Panjab University,https://res.cloudinary.com/daxcwefqb/image/upload/v1755600466/43_baferk.avif
#REF!,"Construction of FIH Approved Synthetic Hockey Surface with Sub-base, Chain Link Fencing, Sprinkler System etc. at Sports Authority of India, Aurangabad, Maharashtra","Zonal Manager
National Projects Construction Corporation Limited
Ashok Vihar Colony, Street No. - 5,  Pandri, Raipur - 492004","731003/SAI/LOI/139
09-05-2016",https://maps.app.goo.gl/BVomZhgJJ84YYXyH9,"19.901618710942994, 75.30147314288801",Hockey turf SAI,https://res.cloudinary.com/daxcwefqb/image/upload/v1755600593/45_ji9vju.jpg
#REF!,"Construction of hockey Stadium of Supplying and laying synthetic Hockey Turf Ground in Sports Stadium Sector-12, Faridabad Including Civil Works, Annual Mtc. for three year and sprinkler system complete in all respect. (Including Three  ear defect liability period fort civil work and 7 years for turf).","Executive Engineer, HUDA Division No.3, SCO-25, Sector -12, Faridabad
Email : xenhuda3.fbd@gmail.com
Phone No. 0129- 2267193",Memo No. 3975  Dated: 10-04-2018,https://maps.app.goo.gl/8cJnk2bvkWjvKWwv9,"28.749511737758354, 77.21673977760929",Shivaji Stadium,https://res.cloudinary.com/daxcwefqb/image/upload/v1755600519/44_adlbp0.jpg
#REF!,"Removal & Re Surfacing of New Turfs at Hockey Stadium, Kalinga Stadium Sports Complex, Bhubneshwar, Odisha","Department of Sports & Youth Services
C-1, Nayapalli, Bhubabaneswar - 751012","SYS-INRFA-0025-2016
28-03-2018",https://maps.app.goo.gl/afuqxmj1FDteGK7FA,"20.28808396208362, 85.82388002785268","Hockey Stadium, Kalinga Stadium",https://res.cloudinary.com/daxcwefqb/image/upload/v1755600652/46_piczlm.jpg
#REF!,"Relaying of Astro Turf with Sprinkler System and Mobile Goal Post for The Bihar Regimental Centre, Danapur Cantt, Patna (Bihar)","The Commandant,
Bihar Regimental Centre
Danapur Cantt
PIN – 801503
brctrgcell@gmail.com
MOB No 8971357688
06115-220384/222228.","G(T)2310/SAG/Astro Turf
10-01-2019",https://maps.app.goo.gl/d7kENmWB8JpnusdT6,"25.637673720579794, 85.01476549740148","Hockey Ground Bihar Regimental Centre, Danapur Cantt, Patna (Bihar)",https://res.cloudinary.com/daxcwefqb/image/upload/v1755600725/47_vmux9s.avif
#REF!,"PROVIDING & LAYING OF INTERNATIONAL SIZE SYNTHETIC HOCKEY SURFACE  OF  101.40m  X  63m  OF  GLOBAL  CATEGORY  (UNFILLED), APPROVED  BY  FIH,  AFTER  REMOVING  OF  OLD  TURF,  REPAIR  OF WATER SPRINKLER SYSTEM, LIGHTING, SIDE GRATING  COMPLETE IN ALL RESPECT OF MARKANDESHWAR HOCKEY STADIUM, SHAHBAD (KURUKSHETRA).","Executive Engineer
Provincial Division No.II,
PWD B&R BR., KURUKSHETRA
Tel: 01744-238530.
Mail:  pwd-eepd2-kurukshetra@hry.nic.in",Memo No. 71158/B      Dated 13-04-2018,https://maps.app.goo.gl/prakehzQXvJrcQoV7,"30.160054084658572, 76.86350581534163","MARKANDESHWAR HOCKEY STADIUM, SHAHBAD (KURUKSHETRA)",https://res.cloudinary.com/daxcwefqb/image/upload/v1755600818/48_jcrdgp.avif
#REF!,"Providing and Laying Synthetic Hockey  Surface at SAI Centre, Kokhrajhar, Assam","Executive Engineer
Manipur Industrial Development Corporation
Takyel Industrial Estate, Imphal, Manipur - 795001
Mail:- ee.iii.manidco@gmail.com
kemera69@gmail.com ","MANIDCO/IDC/SAI/WO/KOK/18/11/02
dated 28-02-2018",https://maps.app.goo.gl/gos1Se9EyEie4ZoG7,"26.433288861597568, 90.2922051926152",SAI (Sports Authority of India) Training Centre,https://res.cloudinary.com/daxcwefqb/image/upload/v1755601035/49_gomkgs.avif
#REF!,"Providing & Laying of Global Category (Unfilled) full standard size synthetic (Poly ethylene) Hockey Surface approved by FIH. At State Sport Training Centre Bilaspur, Chhattisgarh.","Superintending Engineer, 
 PWD, Bilaspur Circle Bilaspur. 
Chhattisgarh",-,https://maps.app.goo.gl/GJRfnkraNUn7xZB46,"22.0785670988882, 82.15173588265556",RAKSHAK PHYSICAL ACADEMY BILASPUR CHHATTISGARH,https://res.cloudinary.com/daxcwefqb/image/upload/v1755601128/50_ijzwyp.avif
#REF!,"Relaying of 2 Nos. Global Category Synthetic Hockey Turf and allied works at MDCNS, New Delhi.","WAPCOS Limited
3rd Floor, SKV Tower Plot-57, Sector-18 Gurugram - 122015
(Haryana)","WAP/PMD/SAI/MDCNS-Turf/2018-19/3143
Dated 14-11-2018",,,"Hockey Turf and allied works at MDCNS, New Delhi.",https://res.cloudinary.com/daxcwefqb/image/upload/v1755601263/51_vdglgm.avif
#REF!,"Providing and laying of Synthetic Hockey Turf, Synthetic including Sprinkler System at Sainik School, Chandrapur","Super ACME-Build Pvt. Ltd.
Plot No. 45, Ramabai, Barlinge Layour, Nagpur-440036","WO No. 261001
26-10-2018",https://maps.app.goo.gl/u2GiDE6Jx9MVXUkGA,"19.896724952603336, 79.34276379416423",Bhivkund,https://res.cloudinary.com/daxcwefqb/image/upload/v1755601360/52_vgffgd.jpg
#REF!,"Providing, Laying & Testing of Global Category Unfilled Synthetic Hockey Turf with shock pad (FIH Certified System) including dismantling and stacking of existing turf at Mahila Hockey Academy, Kampoo, Gwalior (Madhya Pradesh)","Director Sports & Youth Welfare
T. T. Nagar Stadium,
Bhopal - 462003 (Madhya Pradesh)
Email: infrasportsmp@gmail.com
Tel:- 0755-2773012 / 2761448 / 2778151","10876/DSYW/Infra/2020
dated: 07/02/2020",https://maps.app.goo.gl/u2GiDE6Jx9MVXUkGA,"19.90232681095769, 79.34394012976382",Sainik School Chandrapur,https://res.cloudinary.com/daxcwefqb/image/upload/v1755601360/52_vgffgd.jpg
#REF!,"Providing, Laying & Testing of Global Category Unfilled Synthetic Hockey Turf with shock pad (FIH Certified System) including dismantling and stacking of existing turf at Mens Hockey Academy, CRC Complex, Bhopal, link Road No. 1, Bhopal (MP)","Director Sports & Youth Welfare
T. T. Nagar Stadium,
Bhopal - 462003 (Madhya Pradesh)
Email: infrasportsmp@gmail.com
Tel:- 0755-2773012 / 2761448 / 2778151",2567/DSYW/Infra/2020,https://maps.app.goo.gl/rfT5adxUT9tHcGrd9,"23.23297408737317, 77.41521935752344",Major Dhyanchand Hockey Stadium,https://res.cloudinary.com/daxcwefqb/image/upload/v1755601420/53_oprlk8.jpg
#REF!,"LAYING OF SYNTHETIC HOCKEY TURF AND ALLIED WORKS AT SAI, STC, HAZARIBAGH","Sr. General Manager,
Construction Management Unit, WAPCOS Limited.
3rd Floor, SKV Tower, Plot no.- 57, Sector- 18,
Gurugram-122015, Haryana
Email: buildings@wapcos.co.in
Contact No. +91-124-2973685",WAP/CMU/SAI-HAZARITURF/2021-22/6261,https://maps.app.goo.gl/Nns1f9f7HRKBWruZ8,"24.1989043007024, 85.38344707559048","SAI STC Padma, Hazaribagh",https://res.cloudinary.com/daxcwefqb/image/upload/v1755601498/54_n6lmvo.jpg
#REF!,"Proposed Development of Astro Turf Hockey Field  and other Facilities at Major dhyan Chand Hockey Stadium, Kolhapur","The Commissioner, Kolhapur Municipal Corporation , Kolhapur",147/1,https://maps.app.goo.gl/c48HgLbLaGxWDPWUA,Major Dhyanchand Hockey Stadium,Major Dhyanchand Hockey Stadium,https://res.cloudinary.com/daxcwefqb/image/upload/v1755601420/53_oprlk8.jpg
#REF!,"Relaying of Synthetic Hockey Turf (Main Pitch) at Kalinga Stadium, Bhubneshwar","Hockey India
B1 / E14, Mohan Co-Op. Industrial Estate, Mathura Road, New Delhi – 110044",Agreement dated 03/03/2022 & 16/04/2022,https://maps.app.goo.gl/yqasA7zXLGHbcTfp7,"20.28808222770163, 85.82387967670816",Kalinga Stadium,https://res.cloudinary.com/daxcwefqb/image/upload/v1755601564/55_am3t69.jpg
#REF!,"Relaying of Synthetic Hockey Turf (Training Pitch) at Kalinga Stadium, Bhubneshwar","Hockey India
B1 / E14, Mohan Co-Op. Industrial Estate, Mathura Road, New Delhi – 110044",Agreement dated 03/03/2022 & 16/04/2022,https://maps.app.goo.gl/uA5PnEzLxxx4HJTc8,"20.291126293444, 85.82502766209672",Kalinga Hockey Stadium,https://res.cloudinary.com/daxcwefqb/image/upload/v1755601564/55_am3t69.jpg
#REF!,"Relaying of Synthetic Hockey Turf (Main Pitch) at Hockey Stadium, Rourkela","Hockey India
B1 / E14, Mohan Co-Op. Industrial Estate, Mathura Road, New Delhi – 110044",Agreement dated 03/03/2022 & 16/04/2022,https://maps.app.goo.gl/uA5PnEzLxxx4HJTc8,"20.29115648253942, 85.82510276394456",Kalinga Hockey Stadium,https://res.cloudinary.com/daxcwefqb/image/upload/v1755601564/55_am3t69.jpg
#REF!,"Relaying of Synthetic Hockey Turf (Training Pitch) at Hockey Stadium, Rourkela","Hockey India
B1 / E14, Mohan Co-Op. Industrial Estate, Mathura Road, New Delhi – 110044",Agreement dated 03/03/2022 & 16/04/2022,https://maps.app.goo.gl/Zbd7XYsCgx1onZGk7,"22.247241056977803, 84.81342648435285",Birsa Munda International Hockey Stadium,https://res.cloudinary.com/daxcwefqb/image/upload/v1755601612/56_y2nfv0.jpg
#REF!,"Construction of Hockey Training Centre at following locations:
1) Saunamara Balisankara
2) Bheluadihi, Kutra.
3) Manchamara, Bargaon
4) Ghansara, Bamra"," IDCO through: Inderjit Mehta Constructions Private Limited
44-C/9, 1st Floor, Kishangarh, Vasant Kunj, New Delhi – 110070","IDCO/DH/RKL/CIV2021-22/1491 
Dated 17-12-2021",https://maps.app.goo.gl/rfhVDS4UNBsBsXR96,"22.133626554430407, 84.44480203235975",Ghansara,https://res.cloudinary.com/daxcwefqb/image/upload/v1755601711/57_ipq54k.avif
#REF!,Providing and laying of synthetic hockey turf at INS Jamnagar (Gujarat),"Lt. Cdr Boby Mathachen Mylady
Sports Officer,
Indian Navy, 
INS Valsura, Jamnagar - 361150
0288-2527210
vineesh.padki83@navy.gov.in
boby.mylady@navy.gov.in","Contract No: GEMC-511687770468125
09-Jul-2022",https://maps.app.goo.gl/jtYxmykFwqHPaSneA,"22.419835164404514, 70.07004282492362",One More Game - Sports Turf,https://res.cloudinary.com/daxcwefqb/image/upload/v1755601784/58_mwhnxs.png
#REF!,"Relaying of 2 Nos. Synthetic Turf Collected from other pitches with all other Construction stages (starting from Sub grade up to the end finish) at CDA, Cuttack, Sector-6 & Phokhariput Bhuaneswar","Chief General Manager (Civil)
IDCO, IDCO Tower,
Janpath, Bhubaneswar – 751022,
Odisha 
+91- 0674 - 2541525, 2540820
cgmcivil2@idco.in ","IDCO/DH/BCD-1/ESTT./492/2022-23/1093 
DATED 08-08-2022 ",https://maps.app.goo.gl/GeAuChdchKKJRx1i6,"20.47503341295976, 85.83820858129769",Hockey Stadium,https://res.cloudinary.com/daxcwefqb/image/upload/v1755601856/59_s3ktdn.jpg
#REF!,"Providing and Laying of FIH approved system of Synthetic Hockey Surface of Global Category (non filled water based surfaces) with shock pad including construction of su base providing laying and commissioning of Sprinkler System & other works including disposal of unserviceable material from site etc at Indore, MP.","Director Sports & Youth Welfare
T. T. Nagar Stadium,
Bhopal - 462003 (Madhya Pradesh)
Email: infrasportsmp@gmail.com
Tel:- 0755-2773012 / 2761448 / 2778151",LOA No. 10035/DSYW/Infra/2022 dated 12-11-2022,GST EXTRA,,,https://res.cloudinary.com/daxcwefqb/image/upload/v1755600123/41_un5dvg.webp
60,"Relaying of Synthetic Turf for the Hockey main field & installation of practice Synthetic Hockey Turf at Mayor Radhakrishnan Hockey Stadium, Chennai","Member Secretary,
Sports Development Authority of Tamilnadu,
Jawaharlal Nehru Stadium, Raja Muthiah Road, Periyamet, Chennai - 600003
Tel: 044-25611522
Email: sdat@tn.gov.in
eesdat@gmail.com
","3108-A/SI-2/2023
dated 01/06/2023",https://maps.app.goo.gl/jswHVZvDtqNHVrLY8,"13.075796490504679, 80.26101545951865",Mayor Radhakrishnan Hockey Stadium,https://res.cloudinary.com/daxcwefqb/image/upload/v1755601949/60_laiguv.jpg
61,"Re-laying of Hockey (Blue) Turf with allied works at SAI, NSSC Bangalore.","National Projects Construction Corporation Limited, 
No 1297, First floor, 2nd Cross, KHB Colony,
Magadi Road, Bengaluru -560 079
Tel No. 080-23110309
Email:- npcc.blore@gmail.com",700003/SAI/AST/05 dated 08-03-2024 ,https://maps.app.goo.gl/dm694U9h52U28hkR6,"12.944270636959278, 77.51545475605909","SAI, Hockey Blue Turf stadium",https://res.cloudinary.com/daxcwefqb/image/upload/v1755601498/54_n6lmvo.jpg
62,"SITC work for the installation of FIH Approved Synthetic Hockey Turf, which includes the receitifcation of the existing shock pad layer at Rajgir Cricket Stadium.","Shapoorji Pallonji & Co. Pvt. Ltd.
2nd Floor, A-2 205, Nutan Apartment, Main Kankarbagh Road, Karbigahiha, Patna - 800020 (Bihar)",SP/CAL/RAJ/1515/2024/LOI/80 DATED 26-09-2024,https://maps.app.goo.gl/goDqhBQvYmaFBmqo6,"25.02110040674213, 85.36405952767493",Rajgir International Cricket Stadium,https://res.cloudinary.com/daxcwefqb/image/upload/v1755602059/61_t2bfmv.webp
63,"Construction of FIH Approved Synthetic Hockey Surface (2 Nos.) with Sub-base including Sprinkler system, Chain link Fencing, Drain Work, Pump Room etc.","ROUNDGLASS WELLBEING PRIVATE LIMITED
9th Floor, Plot no. ITC-9, IT Park, Sector-67 Mohali, Mohali Punjab - 160062,","Agreement No. Nil 
Dated 06-05-2025",,,,https://res.cloudinary.com/daxcwefqb/image/upload/v1755602059/61_t2bfmv.webp
64,"Relaying of Synthetic Hockey Turf for the Hockey Main field and Installation of Practice Synthetic Hockey Turf including sub base, RCC drainage system, footpath, sprinkler system, Sump, chain-link fencing arrangements in District Sports Complex, Madurai","Member Secretary,
Sports Development Authority of Tamilnadu,
Jawaharlal Nehru Stadium, Raja Muthiah Road, Periyamet, Chennai - 600003
Tel: 044-25611522
Email: sdat@tn.gov.in
eesdat@gmail.com","Work Order No. 386504/SI-3/2024
Dated: 04-07-2025",https://maps.app.goo.gl/oN3sz1vq37EdARSx9,"9.919576074334367, 78.08747383953504",JEYAPAL SPORTS CENTER,https://res.cloudinary.com/daxcwefqb/image/upload/v1755601711/57_ipq54k.avif
63,SYNTHETIC FOOTBALL,,,,,,
64,"Turfing of Football Field with Artificial Turf of FIFA Standard, Flood Light of 300 Lux and allied works at Sports Authority of India Centre, Bangalore","WAPCOS Limited
3rd Floor, SKV Tower Plot-57, Sector-18 Gurugram - 122015
(Haryana)","WAP/PMD/SAI/RTF-BLR/2016-17/917
02-05-2017",https://maps.app.goo.gl/oN3sz1vq37EdARSx9,"9.919745169417146, 78.08758112788912",JEYAPAL SPORTS CENTER,https://res.cloudinary.com/daxcwefqb/image/upload/v1755602261/Screenshot_83_kpuupn.png
65,"Laying of synthetic Football Turf at SAI, NERC, Imphal (SH:- Supply and Installation of Synthetic Football Turf Including Goal Post)","Executive Engineer
Manipur Industrial Development Corporation
Takyel Industrial Estate, Imphal, Manipur - 795001
Mail:- ee.iii.manidco@gmail.com
kemera69@gmail.com ","MANIDCO/IDC/SAI/WO/FB/17/44
28/06/2017",https://maps.app.goo.gl/DZK8EsqpGrAhemzr8,"24.80435872684518, 93.9106204334107",Football turf ground,https://res.cloudinary.com/daxcwefqb/image/upload/v1755602469/62_zlnmvz.avif
66,"Supplyig and laying of Syntehtic Football Turf at Sainik School, Chandrapur","Nyati Engeineers & Consultants
Nyati Unitree, Survey No. 103/129, Plot No. B+C of CTS  No. 1995 and CTS No. 1996B, Yerwada, Pune, Nagar road , Pune-411006 (india)
Mail:- dattadalvi@nyatigroup.com 
Contact:- 8888881131
Tel No. 0120-66863333
","Ref No. 001
01-11-2018",https://maps.app.goo.gl/N7nAmRxKoCEZ1WdP9,"19.90233377676665, 79.34397455767082",Sainik School Chandrapur,https://res.cloudinary.com/daxcwefqb/image/upload/v1755602538/63_w8jthv.jpg
67,"Providing and laying of Synthetic Football Turf,  at Sainik School, Chandrapur, MP","Super ACME-Build Pvt. Ltd.
Plot No. 45, Ramabai, Barlinge Layour, Nagpur-440036
Mail:- superngp@yahoo.co.in  
Tel -0712 - 2024032
","WO No. 261001
26-10-2018",https://maps.app.goo.gl/hhjMHK9gsj8g2H9p8,"19.902634668358242, 79.34390432419342",Sainik School Chandrapur,https://res.cloudinary.com/daxcwefqb/image/upload/v1755602538/63_w8jthv.jpg
68,"Construction of Synthetic Football Field at Netaji Subhas Chandra Bose Sports Complex, Simdega, Jharkhand","The Manager Cum Executive Engineer,
Jharkhand State Building Construction Corporation Limited,
PIU, Simdega (Jharkhand)
jsbcclsimpiu@gmail.com","WO No. 40 
Dated: 07-05-2025",https://maps.app.goo.gl/fgNBqzdwn2F9T3d18,"22.609939032263334, 84.49776034748528",Subhas Chandra Bose Sports Complex Simdega,https://res.cloudinary.com/daxcwefqb/image/upload/v1755602665/64_szrdn3.avif
69,INTERLOCKING TILES (BASKETBALL COURTS),,,,,,
70,"Stadium Development works at Jaisalmer (Two Synthetic Basketball Court & Synthetic layer on Existing Basketball Court) at Indira Stadium, Jaisalmer, Rajasthan","Project Director (Unit Badmer)
RSRDC Limited
H. NO. 810-811/17-E, 
Chopasani Housing Board, 
Jodhpur - 342008","PD/JU-I/2016-17/40
03-03-2017",https://maps.app.goo.gl/yVxRmNmUkZUFMBGW7,"26.91533671649285, 70.88307649630428",Indira Indoor Stadium,https://res.cloudinary.com/daxcwefqb/image/upload/v1755602773/65_entinn.webp
71,"Synthetic work of existing Basketball Court at SMS stadium, Jaipur","Project Director (Unit -IV)
RSRDC Limited
Setu Bhawan, Jhalana Doongari,
Jaipur - 302004","PD/JPR-IV/2016-17/23
28-12-2016",https://maps.app.goo.gl/h9gqthhZ3Rary9sC8,"26.89423039543403, 75.80332784232918",Sawai Mansingh Stadium,https://res.cloudinary.com/daxcwefqb/image/upload/v1755602844/66_qlfk62.webp
72,"TENNIS, BASKETBALL, VOLLEYABALL BADMINTON COURTS (ACRYLIC COURTS)",,,,,,
73,"Construction/laying of Synthetic Tennis Court HIPPA Complex, Sector-18, Gurgaon.","Executive Engineer
Provl. Division No. I, Hr. 
PW(B&R), Deptt. Gurgaon,","Memo NO. 8181
dated: 21/08/2014",https://maps.app.goo.gl/Xyw4Ug5bQa1Fee5K8,"28.48430193634725, 77.05131291349376","HPTA",https://res.cloudinary.com/daxcwefqb/image/upload/v1755602997/67_dusqls.jpg
74,CONSTRUCTION OF BASKETBALL COURT IN THE APS DHAULA KUAN,"Army Public School Dhaula Kuan 
Delhi Cantt-110010",,https://maps.app.goo.gl/9mx8kkW4mcNbYcyB6,"28.56363805235179, 77.14376186509944",Aps sv basketball court,https://res.cloudinary.com/daxcwefqb/image/upload/v1755603091/Society_djdzy3.jpg
75,"Providing  & laying of ITF Classified PACE Court Synthetic Acryic Cushion Tennis Court (3 Nos.) at Sports Authority of India, Imphal, Manipur","Executive Engineer
Manipur Industrial Development Corporation
Takyel Industrial Estate, Imphal, Manipur - 795001
Mail:- ee.iii.manidco@gmail.com
kemera69@gmail.com ","MANIDCO/IDC/SAI/BW/15/191
03-07-2015",https://maps.app.goo.gl/oEC33x6UAZZQwKJK9,"24.804031464143325, 93.9108765864615",Sports Authority of India,https://res.cloudinary.com/daxcwefqb/image/upload/v1755603308/1920x1080-5_gypcrs.jpg
76,"Providing and Laying of SyntheticTennis (2 Nos.) & Basketball (2 Nos.) Surface at Jhawharlal Nehru Stadium, New Delhi","Uttar Pradesh Rajkiya Nirman Nigam Limited
ESIC Maintenance Unit
ESIC Hospital Basidarapur,
New Delhi - 110015",RNN/Basai/M-Work Order/2014-15/709,https://maps.app.goo.gl/6ZdD2dmMMWutGRZx6,"28.5853065567125, 77.23537011678704","Jawaharlal Nehru Stadium, Delhi",https://res.cloudinary.com/daxcwefqb/image/upload/v1755603367/68_zuurpg.jpg
77,"Providing and Laying of SyntheticTennis (4 Nos.) & Basketball (2 Nos.) and Volleyball Courts (2 Nos.) at Pared Ground,  Dehradun","Uttar Pradesh Rajkiya Nirman Nigam Limited
Dehradun Unit-1
Doon University, Kedarpuram, Dehradun - 248121","2015/Nirman/RNN/Dehradun/2015
23-11-2015",https://maps.app.goo.gl/JyRwkEEeCQB3fZmJ7,"30.32467332674945, 78.04847451534162",Parade Ground,https://res.cloudinary.com/daxcwefqb/image/upload/v1755603421/69_d86yca.webp
78,"Up-gradation of playground in various schools of NDMC. SH:- Preparation of Basketball, Volleyball and other playing courts in NDMC Schools.","Executive Engineer (BM-II)
New Delhi Municipal Council
Room No. 322, SBC Place, Gole Market, New Delhi - 110001",2207-10/EE(BM-II)/2017-18,https://maps.app.goo.gl/GDfoPSRjZ73uFwwx5,"28.588770114587977, 77.21317584761921",NDMC School,https://res.cloudinary.com/daxcwefqb/image/upload/v1755603491/70_g8cr2t.webp
79,"Supply and Installation of Synthetic Tennis Court at RTI, A.G. Colony, Bajaj Nagar, Jaipur. ","Deputy Accountant General,
O/o the Pr. Accountant General (G&SSA),
Rajasthan, Jaipur ",W.C./G&SSA/W-12011/ Tennis Court/ 2017-18,https://maps.app.goo.gl/NFgkEsHSFinNukSv5,"26.87274176881951, 75.80626269999999",Regional Training Institute,https://res.cloudinary.com/daxcwefqb/image/upload/v1755603535/71_gzxhbs.jpg
80,"Upgradation of Sports Infrastrucutre at LBSNAA, Mussoorie","WAPCOS Limited
3rd Floor, SKV Tower Plot-57, Sector-18 Gurugram - 122015
(Haryana)",,https://maps.app.goo.gl/wjaDCHJW6R7tih3d6,"30.470386194504314, 78.05484200184785",Lal Bahadur Shastri National Academy Of Administration,https://res.cloudinary.com/daxcwefqb/image/upload/v1755603590/6_lyhwjt.jpg
81,"A/R and M/O for the or Re-laying acrylic Synthetic surface on existing acrylic surface for ITF classification-III (medium) for two open badminton courts at DDA Sports Complex, Saket","The Executive Engineer,
Sports Division -1, DDA, Siri Fort Sports Complex,
New Delhi – 110049 
","F2(8)Sports Divn.-1/DDA/A/SSC/2017-18/770
31/07/2018",https://maps.app.goo.gl/YMW5c9zSQeWyXs8D9,"28.52527215758403, 77.2112902073914","DDA Sports Complex, Saket",https://res.cloudinary.com/daxcwefqb/image/upload/v1755603665/72_trfsnr.avif
82,"A/R and M/O for the work for Re-laying acrylic tennis surface on existing acrylic surface for ITF classification 3 (medium) for two lawn tennis courts at DDA Sports Complex, Saket","The Executive Engineer,
Sports Division -1, DDA,
Siri Fort Sports Complex,
New Delhi – 110049 ","F2(6)Sports Divn.-1/DDA/A/SSC/2017-18/772
31/07/2018",https://maps.app.goo.gl/YMW5c9zSQeWyXs8D9,"28.525276870796716, 77.21132507610646","DDA Sports Complex, Saket",https://res.cloudinary.com/daxcwefqb/image/upload/v1755603665/72_trfsnr.avif
83,M/o Various Sports Complexes / Golf Courses. SH:- Providing and laying synthetic cushioned acrylic surface in basketball courts at Siri Fort Sports Complex.,"The Executive Engineer,
Sports Division -1, DDA, Siri Fort Sports Complex,
New Delhi – 110049 ","F2(29)Sports Divn.-1/DDA/A/SSC/2017-18/841
21/08/2018",https://maps.app.goo.gl/6MRgaB8ix8GuW2K56,"28.553696772277366, 77.21703330369569",Siri Fort Sports Complex,https://res.cloudinary.com/daxcwefqb/image/upload/v1755603732/73_zozllq.jpg
84,Maintenance of various sports complexes / Golf courses (A/R and M/O of the works at Vasant Kunj Sports Complex) SH - Re-Laying Acrylic surface on existing Tennis Courts (5 Nos.) at Vasant Kunj Sports Complex. (Specialized work),"The Executive Engineer, 
Sports Management Cell (SMC), Squash &
Badminton Stadium at Siri Fort Sports Complex, New Delhi-110049,",F(1(346)EE/SMC/DDA/2018-19/819,https://maps.app.goo.gl/uwMWpwT7K4qiT5ZH6,"28.525765001834344, 77.15961103069397",DDA Vasant Kunj Sports Complex Phone no,https://res.cloudinary.com/daxcwefqb/image/upload/v1755603815/74_oe4xn8.avif
85,"A/R & M/O for Re-laying acrylic Tennis Surface on existing acrylic surface for ITF classification –III for two lawn Tennis courts at N.S.S.C., Jasola.","The Executive Engineer,
Sports Division -1, DDA, Siri Fort Sports Complex,
New Delhi – 110049 ","F2(14)Sports Divn.-1/DDA/A/SSC/2017-18/771
31/07/2018",https://maps.app.goo.gl/tcvNx43NchukbbqTA,"28.541142687777892, 77.2905778711646","Gym & Fitness centre, Jasola Sports Complex",https://res.cloudinary.com/daxcwefqb/image/upload/v1755603807/101_ihpwti.avif
86,M/O Various Sports Complexes/ Golf Courses. (A/R and M/o  works at VKSC for the year 2018-19)SH - Relaying acrylic surface on Basketball court at Vasant Kunj Sports Complex. (Specialized work),"The Executive Engineer,
Sports Management Cell, DDA, Siri Fort Sports Complex,
New Delhi – 110049 
","F1(328)EE/SMC/DDA/2018-19/1055
Date: 17-01-2019",https://maps.app.goo.gl/zgumzZGdqiUwhsEp6,"28.52598604611541, 77.15956748465837",DDA Vasant Kunj Sports Complex Phone no,https://res.cloudinary.com/daxcwefqb/image/upload/v1755603738/102_ratiir.jpg
87,M/o Stadium (Relaying of Synthetic Coat on Existing Lawn Tennis Courts at Noida. ,"Chief Executive Officer,
New Okhla Industrial Development Authority
District. Gautam Budh Nagar, Noida
Uttar Pradesh, India
","Noida/Sr. Man. (WC-2)/2019/6131
Dated: 15/02/2019",https://maps.app.goo.gl/KUXphhsYNhgR3eHQA,"28.59005414690118, 77.34189861349377",Noida Stadium Tennis Courts,https://res.cloudinary.com/daxcwefqb/image/upload/v1755603635/103_whdibe.jpg
88,Constrution of Synthetic Sports Courts in Gurgaon,"Huawei Telecommunications (India) Co. Pvt. Ltd.
7th Floor Tower-A, Spaze-1, IT Tech Park, Sohana Road, Gurgaon-122001.",PO No. 1071188945,https://maps.app.goo.gl/KXxRuo7fhiZTBpbB6,"28.408773064905958, 77.07232883715811",Sportyzo Sports Academy,https://res.cloudinary.com/daxcwefqb/image/upload/v1755603532/88_nibnor.avif
89,"Construction of Regional Centre for Nationla Security Guard at New Town, Rajarhat, Kolkata. SH:- Providing an Laying of Sythetic layer or 1 No. Badminton Court, 1 No. Tennis Court, 2 Nos. Volleyball Court 2 Nos Basketball Court with poles and targets.","Executive Engineer
CPWD, Kolkata Central Division-VIII, GO Complex, 3rd Floor, Salt Lake, Kolkata - 700064","54(241)KCD-VIII/018-19/1499
14-03-2019",https://maps.app.goo.gl/dQG3bAuUndwUWtvH9,"22.584260785831027, 88.47973198712675",Newtown,https://res.cloudinary.com/daxcwefqb/image/upload/v1755603452/109_kd0qer.avif
90,"Acrylic surfing tennis court standard size (60’ x 120’)  at North Colony , S.E Railway , 11 Garden reach ","the ADEN/Settlement/GRC
North Colony, S.E Railway,
11 Garden Reach,
Kolkata-700043",1/ADEN/A.S.T/Surfacing Tennis court/2020 ,https://maps.app.goo.gl/2F66uQm4naSZiuAz5,"22.584260785831027, 88.47973198712675",11/1,
91,CLEANING  OF SYNTHETIC SURFACES,,,,,,
92,Cleaning and minor maintenance of Synthetic Hockey Surfaces quartery basis at various Diestrict in Madhya Pradesh,"Director Sports & Youth Welfare
T. T. Nagar Stadium,
Bhopal - 462003 (Madhya Pradesh)
Email: infrasportsmp@gmail.com
Tel:- 0755-2773012 / 2761448 / 2778151","M01/2015 
dated 14-12-2015",,,,
93,Cleaning and Minor Maintenance of Synthetic Hockey Surfaces and Athletic Tracks in Various Districts in Madhya Pradesh. ,"Director Sports & Youth Welfare
T. T. Nagar Stadium,
Bhopal - 462003 (Madhya Pradesh)
Email: infrasportsmp@gmail.com
Tel:- 0755-2773012 / 2761448 / 2778151","4830/SYW/Adho/2019
dated: 20-09-2019",,,,
94,"Cleaning of Synthetic Hockey Turfs in MDCNS, New Delhi","WAPCOS Limited
3rd Floor, SKV Tower Plot-57, Sector-18 Gurugram - 122015
(Haryana)","WAP/PMD/SAI/MDCNS-Turf/2017-18/1414
dated 28-07-2017",https://maps.app.goo.gl/xCg7WQMZXQBaguaJ8,"28.621467975493598, 77.23319717330298",Major Dhyan Chand National Stadium,https://res.cloudinary.com/daxcwefqb/image/upload/v1755603333/110_rks7on.jpg
95,"A/R & M/O MDC National Stadium, New Delhi, during 2017-18 (SH: Cleaning of Synthetic Hockey Turf)","Executive Engineer
SMCD, CPWD,
IG Stadium Complex,
New Delhi - 110001","14/WO/EE/SMCD/2017-18
15/01/2018",https://maps.app.goo.gl/UyY1gifotdzrA4Z77,"28.61247952318255, 77.23639070425452",Major Dhyan Chand National Stadium,https://res.cloudinary.com/daxcwefqb/image/upload/v1755603282/111_y7nmr0.avif
96,"Annual Maintenance Contract (AMC) for the cleaning and maintenance of Synthetic Hockey surfaces 2 Nos. for a period of 01 year (Extendable on satisfactory performance and mutually agreed terms and conditions) for Sports Authority of India at Netaji Subhas Southern Centre (NSSC), Bangalore ","Zonal Manager
National Projects Construction Corporation Limited
No.1316, 2nd Cross, KHB Colony, Magadi Road,
Bangalore -560 079","700008/SAI/STI/858
Dated 21-02-2017",https://maps.app.goo.gl/FJWB2GDxH1DJY48d8,"12.941216695382783, 77.51518145487667",Netaji Subhash National Institute Of Sports Southern Centre,https://res.cloudinary.com/daxcwefqb/image/upload/v1755602950/112_prymhx.jpg
97,"Annual Maintenance Contract (AMC) for the cleaning and maintenance of Synthetic Hockey surfaces 2 Nos. for a period of 01 year (Extendable on satisfactory performance and mutually agreed terms and conditions) for Sports Authority of India at Netaji Subhas Southern Centre (NSSC), Bangalore ","Zonal Manager
National Projects Construction Corporation Limited
No.1316, 2nd Cross, KHB Colony, Magadi Road,
Bangalore -560 079","24/2018-19
Dated 13-02-2019",https://maps.app.goo.gl/FJWB2GDxH1DJY48d8,"12.941133044751929, 77.51511708186423",Netaji Subhash National Institute Of Sports Southern Centre,https://res.cloudinary.com/daxcwefqb/image/upload/v1755602868/113_nbowzu.png
98,"A/R & M/O MDC National Stadium, New Delhi, during 2017-18 (SH: Cleaning of Synthetic Hockey Pitch with deep cleaning machines of advanced sport technology for Shivaji Stadium","Executive Engineer (BM-PK)
New Delhi Municipal Council
Room No. 1615, 16th Floor, Palika Kendra,
New Delhi","E.E.(BMPK)/AB/A-I/D/1172-74
Dated: 16/03/2018",https://maps.app.goo.gl/nt3titNycBVreVBf6,"28.632794939823075, 77.21381716100143",Shivaji Stadium,https://res.cloudinary.com/daxcwefqb/image/upload/v1755602772/124_vpwjzy.avif
99,"M/o Various Sports Complexes / Golf Courses (A/R & M/o works at YSC for the year 2018-19)

SH: Annual Maintenance contract cleaning and maintenance of Synthetic hockey pitch including sprinkler system (including parts) HDPE delivery pipe and pump set at Yamuna Sports Complex, (Specialized Work).
","The Executive Engineer,
Sports Management Cell, Squash and Badminton Stadium,
Siri Fort Road, New Delhi – 110049 
","F(226)EE/SMC/DDA/2018-19/850
27-11-2018",https://maps.app.goo.gl/gHrrdm9yPtDzN4qP8,"28.663764901490286, 77.31158794232917",Yamuna Sports Complex,https://res.cloudinary.com/daxcwefqb/image/upload/v1755602691/115_h3gtnd.jpg
100,Annual Maintenance of Hockey Astro-turf Complex at Hatia for 03 years. ,"The DEN South
Ranchi Division-Engg.
South Eastern Railway, Near Hatia
Station, Ranchi, 834003
Jharkhand, India",": RANCHI DIVISION-ENGG / DRMENGGRNC- 63-2019 / 01521150005068
16/08/2019",https://maps.app.goo.gl/wN7iE2nBGXayNKNc6,"23.310698959641922, 85.31150364232916",Railway Hockey Stadium,https://res.cloudinary.com/daxcwefqb/image/upload/v1755602631/117_rvyo1v.jpg
101,"A/R & M/O building BMPK during 2017-18, 
SH: Cleaning of Synthetic Hockey pitch with deep Cleaning machines of Advanced Sport Technology for Shivaji Stadium","Executive Engineer
New Delhi Municipal Council
Room No. 1615, 16th Floor, Plika Kendra, New Delhi","EE(BMPK)AB/A-I/D/1172-74
dated: 16/03/2018",https://maps.app.goo.gl/nt3titNycBVreVBf6,"28.63274785584225, 77.21383325425452",Shivaji Stadium,https://res.cloudinary.com/daxcwefqb/image/upload/v1755602547/118_jyggtg.jpg
102,"A/R & M/O building BMPK during 2018-19, 
SH: Deep Cleaning of Turf of Shivaji Stadium
","Executive Engineer
New Delhi Municipal Council
Room No. 1615, 16th Floor, Plika Kendra, New Delhi","EE(BMPK)AB/A-I/D/2748-57
dated: 11/07/2019",https://maps.app.goo.gl/QGho4mBCcbHkFEGS7,"28.63273204745473, 77.21384518465835",Shivaji Stadium,https://res.cloudinary.com/daxcwefqb/image/upload/v1755602547/118_jyggtg.jpg
103,"Major cleaning of Hockey Turf Ground at Air Force Station, 3 BRD, Chandigarh.","AOC,
Air Force Station,
3 BRD, Chandigarh ","3BRD/SO-12
Dated: 12/02/2018",https://maps.app.goo.gl/r72wHDDcnErrFy2r7,"30.735561848251518, 76.74763854124876",Chandigarh Hockey Stadium,https://res.cloudinary.com/daxcwefqb/image/upload/v1755602495/119_gd9vei.avif
104,"Annual maintenance of Sports Stadium in Sector -4, U/E, Sonipat.  ""Cleaning and maintenance of stadium with Advanced Sport Technologies complete in all respect and all other works contingent thereto"".","Executive Engineer
HUDA Division
Sonipat (Haryana) ","Memo No. DS/2018/3619
dated: 24/04/2018",https://maps.app.goo.gl/BuvXsspJueoPjCJ96,"28.962132458102325, 77.06694834232918",Sport Stadium Sector 4 Sonipat,https://res.cloudinary.com/daxcwefqb/image/upload/v1755602437/120_vq0zly.webp
105,ANNUAL MAINTENANCE CONTRACT OF SYNTHETIC HOCKEY TURF INSTALLED AT LNIPE GWALIOR  AS PER FIH NORMS,Laxmibai Natioanl Institue  of Physical Education ( LNIPE) Gwalior,E/B&R/HOCKEY GROUND/32/2019-20/406,https://maps.app.goo.gl/qW31bA7tXuZk9jGy6,"26.222837940519376, 78.19340803019887",Lakshmibai National Institute Of Physical Education,https://res.cloudinary.com/daxcwefqb/image/upload/v1755602116/1233_dq2pen.jpg
106,Comprehensive Annual Maintenance Contract ( AMC) for the cleaning and maintenance of synthetic hockey surfaces 2  Nos Synthetic hockey surfaces at Sports Authority of India  at NSSC Bangalore against tender id 2020 SAI 580089_2,"Senior Director,
Sports Authroity of India
NSSC, Bangaore-560056
Ph- 080-23215214",SAI/NSSC/ENGG/AMC/B&G/226/2020-21,https://maps.app.goo.gl/LvEJmf67815p2Dax5,"12.939394815623203, 77.51447595599433",Sports Authority Of India,
107,Comprehensive Annual Maintenance for the cleaning and maintenance of Synthetic turf Hockey Surfaces and Sprinkler system 2 Nos for a period of 01 year as per scope of work.,"Joint Administrator
Major Dhyanchand National Stadium,
NEW DELHI, DELHI-110001
011-23075065",GEMC-511687726958578,,,,
108,"Cleaning of Synthetic Athletic Track with proper machinery / equipment and chemical at Sports Autority of India, NSEC, Salt Lake, Kolkata During the year 2021-2022. 2nd Call ","The Executive Engineer,
Bidhannagar West Division, 
Public Works Directorate,
Room NO.-124, 1st Floor, Purta Bhavan, 
D.F. Block, Sector-I, Salt Lake, Kolkata-700091 ","Memo No. 335-WO/SAI
Date 04/03/2022",https://maps.app.goo.gl/Tb2MgcHTw7hLovZ1A,"22.565923365660577, 88.41002171963338",Sports Authority Of India,https://res.cloudinary.com/daxcwefqb/image/upload/v1755601741/122_kaynhy.jpg
109,"Cleaning of Synthetic Athletic Track with proper machinery / equipment and chemical at Vivekananda Yua Bharati Krirangan, Salt Lake, Kolkata During the year 2021-2022. 2nd Call ","The Executive Engineer,
Bidhannagar West Division, 
Public Works Directorate,
Room NO.-124, 1st Floor, Purta Bhavan, 
D.F. Block, Sector-I, Salt Lake, Kolkata-700091 ","Memo No. 798-WO/VYBK
Date 02/05/2022",https://maps.app.goo.gl/LH8ZKQCDVG9ZyqGLA,"22.569237083010435, 88.40907648650622",Vivekananda Yuva Bharati Krirangan (VYBK),https://res.cloudinary.com/daxcwefqb/image/upload/v1755601429/1288_uddgom.avif
110,Annual Maintenance of Hockey Astro turf Complex and multipurpose hall its surrounding at Railway Officers Colony at Hatia for 03 years,"Senior Divisional Engineer,
DRM OFFICE COMPLEX, PO-RAILWAY COLONY HATIA,
Near Railway Station Hatia, RANCHI,
Ranchi, JHARKHAND-834003, India
bom.pandey@gov.in 
santosh.251979@gov.in
Contact: 0651-2600063","Contract No: GEMC-511687739314113
17/08/2022",https://maps.app.goo.gl/o2A9Jy3sbfVvHy9K9,"23.306989809577782, 85.31321576832575",Railway Officers Club,
111,Cleaning and Maintenance of Synthetic Hockey Surfaces and Athletic Tracks in Various Districts in Madhya Pradesh (Year 2022) – 3rd CALL,"Director Sports & Youth Welfare
T. T. Nagar Stadium,
Bhopal - 462003 (Madhya Pradesh)
Email: infrasportsmp@gmail.com
Tel:- 0755-2773012 / 2761448 / 2778151","9598/DSYW/Infra/2022
dated 01-11-2022",,,,
112,"Annual Maintenance Contract (AMC) for the cleaning and maintenance of Synthetic Hockey pitches including Sprinker System (excluding parts) at Kalinga Stadium, Bhubaneswar and Birsa Munda Internatinoal Hockey Stadium, Rourkela.","Joint Secretary to Govt.
Sports and Youth Services Department,
Kalinga Stadium Sports Complex, 
Nayapalli, Bhubaneswar -751012 ","22619/SYS, Bhubaneswar dated 02/12/2022",https://maps.app.goo.gl/vRPPrK29P9t9RAVa8,"20.28798159536451, 85.82604690146039",Kalinga Stadium Main Entrance (Gate No. 3),https://res.cloudinary.com/daxcwefqb/image/upload/v1755601429/1288_uddgom.avif
113,"Cleaning of Synthetic Hockey Turf (1 Time) by Specialized cleaning machine at Hockey Tranining Centre, Sundargarh, Odisha","Growever Infra Pvt. Ltd,
Shashirekha, Bhudan Nagar University Road, Puri, Odisha-752003","GIPL/Sundargarh/2022-23/82
10/11/2022",https://maps.app.goo.gl/uTHMSmkQFYaqGA1K8,"22.103113503510656, 84.02368409599835",State sports hostel sundargarh,https://res.cloudinary.com/daxcwefqb/image/upload/v1755601118/129_u9vunv.jpg
111,"Comprehensive Annual Maintenance Contract (CAMC) for 1 (One) nos. Astro Hockey Turfs and Allied Works for a period of 6 Months at SAI, NCOE Aurangabad","The Deputy Director,
Sports Authority of India,
Dr. Babasaheb Ambedkar University Campus,
Aurangabad – 431004 (Maharashtra) ",GEMC-511687755482230 dated 28-03-2023,"Sports Authority of India, National Centre of Excellence, Chhatrapati Sambhaji Nagar
",,,
,"छत्तीसगढ़ राज्य के रायपुर, बिलासपुर, एवं राजनांदगाव शहर में निर्मित सिंथेटिक सतह के हॉकी मैदानों का त्रिमासिक आधार पर सफाई एवं  रखरखाव का ०१ वर्ष के लिए कार्य जिसे आवश्कयतानुसार संतोषजनक कार्य पाए जाने पर आगामी ०२ वर्षो के लिए सक्षम अनुमोदन पश्च्यात बढ़ाया जा सकता है !","Director,
Directorate of Sports & Youth Welfare,
Sardar Vallabhbhai Patel, International Hockey Stadium,
Khel Bhavan, GE Road, Raipur - 492001
Chhattisgarh ","क्रमांक /भण्डार - 114/2023 -24/1501  
दिनांक 21/09/2023",https://maps.app.goo.gl/9jUZ3DR5N8p1YAgt8,"21.249632383924638, 81.60049097116459",Sardar Vallabh Bhai Patel International Hockey Stadium,https://res.cloudinary.com/daxcwefqb/image/upload/v1755600932/132_sneux1.jpg
,"Deep Cleaning (One Time) of Synthetic Hockey Turf at SAI, NSEC, Kolkata ","Assistant Director,
Sports Authority of India,
Netaji Subhas Eastern Centre (NSEC),
Salt Lake City, Sector-III, Kolkata - 700106
Email: rckolkata-sai@nic.in 
 infrasaieccal@gmail.com","23-13/1/2023-RC Kolkata-Infra Division
Dated 05-12-2023",https://maps.app.goo.gl/HLn8jMPxPzv14wGu6,"22.574930054014533, 88.4078095473659",Sports Authority Of India,
,"Cleaning of Synthetic Hockey Turf by Specialised machines including the cost of cleaning chemical material, special treatment against any algee, fungi and moss etc.
(a) Repairing / Maintenance of Aluminum Hockey Goal Post.
(b) Repairing of Water sump system for sprinklery system including servicing of 50 HP pumping set.","The Commandant,
Bihar Regiment Centre
Danapur Cantt
PIN – 801503
brctrgcell@gmail.com

06115-220384/222228.","G(T)2310/SAG/2023-24
22/12/2023",,,,
,"Comprehensive Annual Maintenance Contract (AMC) of Cleaning and maintenance of Synthetic Turf Hockey Surface for a period of 01 year (Extendable on satisfactory performance and mutually agreed terms and conditions) at Major Dhyan Chand National Stadium, New Delhi.","The Administrator,
Major Dhyan Chand National Stadium,
Sports Authority of India
New Delhi- 110001
011-23075065
mdcns_2012@rediffmail.com","GEMC-511687754442824
16-Jul-2024",https://maps.app.goo.gl/UyY1gifotdzrA4Z77,"28.612423011469097, 77.23645507726697",Major Dhyan Chand National Stadium,https://res.cloudinary.com/daxcwefqb/image/upload/v1755600796/134_gljlv6.jpg
,"Comprehensive Annual Maintenance of 2 nos. Synthetic Hockey Turfs including Sprinkler System at SAI, NSSC, Bangalore: ","The Regional Director I/C
Sports Authority of India,
Netaji Subhas Southern Centre,
Bangalore-– 560056

Phone – +91 7708221977
Email – sainsscblore@gmail.com","SAI/NSSC/ENGG/AMC/B&G/226/2024-25
19-11-2024",https://maps.app.goo.gl/3KWVKmvVNkny96nAA,"12.939412069301437, 77.51442941254749",Sports Authority Of India,https://res.cloudinary.com/daxcwefqb/image/upload/v1755600733/136_y26hso.jpg
,"Comprehensive Annual Maintenance of Synthetic Hockey Turf including Sprinkler System at SAI, NSRC, Lucknow","Regional Director,
Sports Authority of India,
Netaji Subhas Regional Centre, Sarojini Nagar, Kanpur Road, Lucknow-226008

Email: sailko.infra@gmail.com / rclucknow.sai@gmail.com","SAI/Infra/NSRCL/2024-25/CN-95098
Date: 08-04-2025",https://maps.app.goo.gl/oGub8iQtPRUyNpKV6,"26.75529399581287, 80.86820377301243",Sports Authority of India Centre Lucknow,https://res.cloudinary.com/daxcwefqb/image/upload/v1755600656/136_kx4m2i.jpg
,"Comprehensive Annual Maintenance of 1 no. Synthetic Hockey Turf including Sprinkler System at SAI, NCOE, Sonepat","Regional Director,
Sports Authority of India,
Ch. Devi Lal Northern Regional Centre  
Joshi Chauhan, Bahalgarh, Sonepat–131021

Email:  rcsonepat-sai@nic.in / saincoesonepat@gmail.com / gaurav.raw@gov.in
Tel No. 0130 – 2981562","SAI/NCOE/2025-26/79 
DATE 22-05-2025",https://maps.app.goo.gl/ycRaGL5XwZPYTC4YA,"28.96950147870973, 77.09362077189479",SPORTS AUTHORITY OF INDIA NORTHERN REGIONAL CENTRE,https://res.cloudinary.com/daxcwefqb/image/upload/v1755600588/138_o1ffak.webp
114,JOGGING TRACK,,,,,,
115,"M/O Completed Scheme Nazul A/C-II under SWZ. SH:- Providing and laying Rubberised flooring on path in parks of Distt. Park at G-17, Paschim Vihar and park in Sector-4, Dwarka.
","The Executive Engineer,
WD-2, DDA, B-2 B, Janakpuri,
New Delhi – 110058
","F50(21)/WD-2/DDA/A/C/2018-19/1720
Date: 03-10-2018",https://maps.app.goo.gl/Wjh3mGDBbmiqNsjXA,"28.671353276833706, 77.09600719994764",Paschim Vihar District Park,https://res.cloudinary.com/daxcwefqb/image/upload/v1755600536/139_hnejgy.avif
116,"M/o various colonies under N/A-II Dwarka.SH:- Providing and laying Rubberised flooring on path in parks of Distt. Park B Block, Janakpuri & Dr. Hedgwar Park, Kirti Nagar.","The Executive Engineer,
WD-2, DDA, B-2 B, Janakpuri,
New Delhi – 110058","F50(21)/WD-2/DDA/A/2018-19/412
Dated: 15/06/2019",https://maps.app.goo.gl/1LbpcoTpixNXnyVe8,"28.646733441018924, 77.13708882883539",Dr. Hedgewar Park (District Park),https://res.cloudinary.com/daxcwefqb/image/upload/v1755600438/140_fmlbal.png
117,"M/O various scheme under Nazul A/C-II (East Zone)/DDA. SH:- C/O Synthetic Track surfacing in Maharaja Surajmal Park CBD Shahadara, Ashok Park New Friends Colony, NHP at G-Block, Preet Vihar. (Specialized Work).","The Executive Engineer,
ED-3, DDA, Pocket-I, Dilshad Garden, Delhi – 110095","F54(17)/EE/ED-3/A/DDA/2019-20/846
Dated: 11/11/2019",https://maps.app.goo.gl/WVMGSBDxUzRrQ6tAA,"28.66642608851419, 77.30172346410845",Maharaja Surajmal Samadhi Park,https://res.cloudinary.com/daxcwefqb/image/upload/v1755600337/141_vik1jk.avif
118,WOODEN FLOORING,,,,,,
119,"Providing and Laying of 200 thick Maple Sports Flooring at Indoor Stadium, Sector-12, Faridabad","Gurunank Engineers Services
840/15A, Faridabad-121007","GES/Indoor Stadium/2018
dated: 28-09-2018",https://maps.app.goo.gl/NadXusZyvDmE1icx7,"28.52856437675556, 77.19360251680202",MAPLE N DECOR,
120,"Providing and laying of JUNCKERS SPORTS Wooden Flooring Approved by BWF & FIBA  at Sports Authority of India, Bangalore","Kumar Enterprises & Co.
First Floor, Plot No. 560/A, Opp. Of Sidhu Kanhoo Park, College Road, Hatma, Ranchi-834008 (Jharkhand)
Contact:- 7903760945
Mail: kecncr@gmail.com","Ref No. 31052022
31/05/2022",https://maps.app.goo.gl/QuTi2Yv68JSVLkej8,"13.156559349970225, 77.59832760263578",LEHNN SPORTS INFRA PVT. LTD.,https://res.cloudinary.com/daxcwefqb/image/upload/v1755599963/145_wsas8m.webp
121,INDOOR PU FLOORING,,,,,,
122,"Supplying & Installation of Synthetic Indoor Flooring “Decoflex Universal” approved by BWF, FIBA, FIVB & IHF for Indoor Badminton Court at Sports Authority of India Centre, Guwahati.","M/s Dilip Das 
H. No. 33, Arunodoi Path, 
Hatigaon, Guwahati - 781038
Mobile:- 09435047075",,https://maps.app.goo.gl/bH9gQHj17gAFCmm59,"26.179458352123323, 91.7495724211832",Sports Authority of India,https://res.cloudinary.com/daxcwefqb/image/upload/v1755599864/146_sr5i7u.jpg
123,"Supplying & Installation of Synthetic Indoor Flooring “CONICA” approved by BWF, FIBA, FIVB & IHF at Sports Authority of India, Sports Training Centre Akurli Road, Kandivali East ,Mumbai-400 067- Maharashtra","Mohit Infratech, LS/3, Tajshree Vaibhav Apartment, Ayurvedic Layout, Umrer Road, Nagpur, Maharashtra - 440009 Mr.Amit Gupta 8587092931",WO No. Nil  dated 18-07-2022,https://maps.app.goo.gl/1HRMYSyAnGTsjsY48,"19.19888603427704, 72.8613253581402",Sports Authority Of India Ground,https://res.cloudinary.com/daxcwefqb/image/upload/v1755599710/147_mqlbz9.jpg
124,"Providing and Installation of PU Flooring in the Sports Indoor Halls at Ferozepur, Bathinda, Village Ghudda District Bathinda, Ludhiana, Amritsar, Gurdaspur and Jalandhar ","Executive Engineer (C),
Punjab State Sports Council
Punjab Yuva Bhawan, Sector--A, Chandigarh
Tel No. 0172-260400
Email: sportsxen@gmail.com
Mob: 97799-51910",Memo No.PSSC/CW/2025/49 Dated: 03/01/2025 ,https://maps.app.goo.gl/1LhKXxUqzzTHKCF77,"30.264418156443153, 74.93495602421523","Shaheed Bhagat Singh Stadium, District Sports Office Bathinda",https://res.cloudinary.com/daxcwefqb/image/upload/v1755599620/148_qrtbc6.avif
125,"Providing and Installation of PU Flooring in the Sports Indoor Halls at Polo Ground Patiala, Sector 63 Mohali, Sector 78 Mohali, Sri Anandpur Sahib Distt. Rupnagar, Sri Fatehgarh Sahib, Sri Muktsar Sahib and Village Badal District Sri Muktsar Sahib","Executive Engineer (C),
Punjab State Sports Council
Punjab Yuva Bhawan, Sector--A, Chandigarh
Tel No. 0172-260400
Email: sportsxen@gmail.com
Mob: 97799-51910","Memo No. PSSC/CW/2025/35 
Dated: 03-01-2025",https://maps.app.goo.gl/BjFMeSGDihpzv82v8,"30.326566729142293, 76.38995583218086",Polo Ground,https://res.cloudinary.com/daxcwefqb/image/upload/v1755599398/155_idmbyo.jpg
,"Supplying and laying of below  items:
1) Synthetic Athletic Track Surface (43.75 x 1.26m)
2) Synthetic Hockey Turf (43.75 x 1.26m)
3) Indoor PU Surface (43.75 x 1.26m)","Aditya Associates
H.No. C-239, Ground Floor, Kh. No. 403/2682,
Near Kali Bari Mandir, East Delhi-110096
Email: adityaassociates0210@gmail.com
Contact: 8800331980 / 8447791493","WO No. Nil
dated 03-04-2025",,,,
124,GYM FLOORING,,,,,,
125,"Supply, laying and fixing of 15mm thick rubberised tile flooring in two colours inside the newly constructed Pre-fab Gym in the area of 256 sqm.","General Manager (Projects)
WAPCOS LIMITED
Project Management Division
3rd Floor, SKV Towers
Sector - 18, Gurugram, 
Haryana",,,,,
126,LIGHTING,,,,,,
127,"MAINTENANCE OF VARIOUS E&M SERVICES AT MDC NATIONAL STADIUM, NEW DELHI DURING -2019-20 (SH:AMC AND REPARING OF HIGHMAST LIGHT AT FOP-II)","Executive Engineer, Sai Maintenance Electricity Board, CPWD, IGI STADIUM, NEW DELHI- 110002",54(1)/S.M.E.D/2019/951 ,https://maps.app.goo.gl/UyY1gifotdzrA4Z77,"28.612488941798492, 77.23647653493776",Major Dhyan Chand National Stadium,https://res.cloudinary.com/daxcwefqb/image/upload/v1755599196/155_ss8hx5.jpg
128,Maintenance of various E & M Services at Dr. Karni Singh Shooting Range  Tughalkabad Delhi During 2019-20 (SH: Supply of Materials),"Executive Engineer (E),
Delhi Electrical Division-202, CPWD,
IGI Stadium, New Delhi-110002
Tel: 011-21400618","54(4)/EE(E)/DED-202/2019-20/236
Dated: 12/02/2020",https://maps.app.goo.gl/UyY1gifotdzrA4Z77,"28.612517197641303, 77.23644434843156",Major Dhyan Chand National Stadium,https://res.cloudinary.com/daxcwefqb/image/upload/v1755599196/155_ss8hx5.jpg
126,"Supply, Installation, Testing & Commissioning of Sports Lighting System for The Cricket Stadium at Sports Complex Near H.R.D.A. Stadium Haridwar","Executive Engineer,
Haridwar Roorkee Development Authority,
Tulsi Chowk, Mayapur, Haridwar -249401
Uttarakhand 
Email:admin.hda@gmail.com
Contact # - 01334-220800",LOA No. 3827 / अभि 01 (क) - 94 /2023 -24        Dated 17/11/2023 ,https://maps.app.goo.gl/9SWCpbgpZnnCSxRC8,"29.94355037256879, 78.14625236250642",Haridwar Sports Complex,https://res.cloudinary.com/daxcwefqb/image/upload/v1755599140/156_iutk57.jpg
126,"Electrical work for Lighting arrangement in Railway Stadium at DRM Campus, Moradabad","SR. Divisional Electrical Engineer (G)
Northern Railway,
Moradabad Division Electrical,
DRM Office, Moradabad Divison, Moradabad - 244001
srdeegmb@gmail.com 
srdeemb@yahoo.in",LOA No. MORADABAD DIVISION-ELECTRICAL/03_SrDEE_G_MB_2024IICall/01521150104815,https://maps.app.goo.gl/FFMQu9LPLYjr6AD19,"28.841460835704414, 78.76633113880484",Railway Stadium Moradabad,https://res.cloudinary.com/daxcwefqb/image/upload/v1755599039/157_cm9wu3.webp
,"High Mast LED Light with Cont. Panel Qty-08 (1 Set) & Installation at Delhi Golf Club, Delhi","The Delhi Golf Club
Dr. Zakir Hussain Road New Delhi-110003","WO No. WO24250552
dated 30-01-2025",https://maps.app.goo.gl/czMPTMhe7qRGWk3S6,"28.60083384215868, 77.23763613465837",Delhi Golf Club,https://res.cloudinary.com/daxcwefqb/image/upload/v1755598897/159_symphs.jpg
#REF!,SPRINKLER SYSTEM,,,,,,
#REF!,"Providing and fixing of Pop Up Irrigation System for 2 Nos. Hockey Ground at Rourkela, Odisha. ","Larsen & Toubro Ltd, 
Construction, Shared Services Centre, TCTC Building, 2nd Floor, PO Box, 979, Mount Poonamallee Rd, Manapakkam, Chennai-600089",LE/LE21M538/WOD/22/000068 Dated 17/05/2022,https://maps.app.goo.gl/7FK7Dv12nFvaW2h27,"22.245963544005363, 84.86431132642873",Biju Patnaik Hockey Stadium,https://res.cloudinary.com/daxcwefqb/image/upload/v1755598701/159_y1kskv.jpg
#REF!,"Up gradation of Irrigation System and Peripheral Area of the Field of Play in Kalinga Hockey Stadium at Main Pitch and Practice Pitch for upcoming FIH Odisha Men's Hockey World Cup 2023 scheduled to be held from 13 January to 29 January 2023 at Bubaneswar, Odisha","Hockey India
B1 / E14, Mohan Co-Op. Industrial Estate, Mathura Road, New Delhi – 110044","HI/FEB/41
Dated 24/02/2022",https://maps.app.goo.gl/CEFDJ1S2Tgo1Xg737,"20.291192092221802, 85.82513298835406",Kalinga Hockey Stadium,https://res.cloudinary.com/daxcwefqb/image/upload/v1755598635/161_lgnqgh.jpg
#REF!,WIRELESS TIMING GATE SYSTEM,,,,,,
#REF!,"Procurement of Strength & Conditioning Equipment (Treadmills, Exercise Bikes & Wireless Timing Gate) for various NCOEs of SAI.","(Vishnubhatla Sharma)
Asstt. Director (ES)
Equipment Support Division, 
Sports Authority of India, 
Gate No.-10, Jawaharlal Nehru Stadium Complex, 
Lodhi Road, New Delhi - 110003 (INDIA)  
Director(ES), Tel: 011-24362652, 
AD (ES), Tel: 0091-11-24368389  ",LOI No. 1(10)/SAI/ES/S&C/2021-22/IFB-97/242 dated 21-10-2022 and Amendment No. 1(10)/SAI/ES/S&C/2021-22/IFB-97/245 dated25-10-2022,https://maps.app.goo.gl/gNFAB9yaLDZ5FUG77,"28.91676206704281, 76.60448690184785","Sports Authority of india, National Center of Excellence (NCOE), Rohtak",https://res.cloudinary.com/daxcwefqb/image/upload/v1755598542/163_nlpbbm.jpg
#REF!,DRAIN WORK,,,,,,
#REF!,"Repairing of Existing Storm Water Drainage near Smart Athletic Track at SAI, NSSC, Bangalore","The Regional Director I/C 
Sports authority of India, 
Netaji Subhas Southern Centre, 
Mysore Road, Bangalore - 560056
","SAI/NSSC/ENGG/RPRG/SWDSAT/318/2022-23 
dated 28/12/2022",https://maps.app.goo.gl/YWmSudZxSG2ovZkK9,"12.939265679619616, 77.51447492105655",Sports Authority Of India,https://res.cloudinary.com/daxcwefqb/image/upload/v1755598362/165_ndanvs.jpg
#REF!,GYMNASTIC HALL - BIO-MECHANICS LAB,,,,,,
#REF!,"Modification of Gymnastic Practice Hall-2 for establishment of Bio Mechanics lab under NCSSR at IG Stadium, New Delhi","Executive Enginer (C,),
SAI Division, CPWD, Indira Gandhi Stadium, New Delhi
Email: deleesaimd.cpwd@gov.in
smcdcpwd@gmail.com
ee-cdiv.cpwd@nic.in
Tel No. 011-21400607","LOA No. 47/CE/NDZ-2/2024-25/702 
Dated: 02-09-2024",https://maps.app.goo.gl/JRjQ3jiUVccqUQG29,"28.631298079432973, 77.2494636288354",Indira Gandhi Arena,https://res.cloudinary.com/daxcwefqb/image/upload/v1755598059/168_eizjgh.jpg
#REF!,DUG OUT & TECHNICAL TABLE,,,,,,
,Supply and Installation of Dugout and Technical Table at Rajgir Cricket Stadium.,"Shapoorji Pallonji & Co. Pvt. Ltd.
2nd Floor, A-2 205, Nutan Apartment, Main Kankarbagh Road, Karbigahiha, Patna - 800020 (Bihar)","Order No. 3200049547
date: 24-04-2025",https://maps.app.goo.gl/qMPBDuv8BnxUKJrf8,"25.02117662444722, 85.36405087116461",Rajgir International Cricket Stadium,https://res.cloudinary.com/daxcwefqb/image/upload/v1755597982/169_blvc5u.webp
,,,#REF!,,,,